Entity,Code,Year,Total plastic pollution
Afghanistan,AFG,2020,457234.1
Africa (UN M49),,2020,15593568
Akrotiri and Dhekelia,OWID_AKD,2020,5.4556904
Aland Islands,ALA,2020,6.1682653
Albania,ALB,2020,22258.988
Algeria,DZA,2020,379622.28
American Samoa,ASM,2020,238.36322
Americas (UN M49),,2020,4680903
Andorra,AND,2020,11.638396
Angola,AGO,2020,550440.8
Anguilla,AIA,2020,217.5912
Antigua and Barbuda,ATG,2020,71.44217
Argentina,ARG,2020,350879.56
Armenia,ARM,2020,15871.802
Aruba,ABW,2020,67.65136
Asia (UN M49),,2020,28995218
Australia,AUS,2020,2197.9263
Austria,AUT,2020,1239.0231
Azerbaijan,AZE,2020,90491.38
Bahamas,BHS,2020,236.86935
Bahrain,BHR,2020,54.66219
Bangladesh,BGD,2020,1748214.6
Barbados,BRB,2020,138.24854
Belarus,BLR,2020,55702.91
Belgium,BEL,2020,1167.2726
Belize,BLZ,2020,6972.0547
Benin,BEN,2020,168522.36
Bermuda,BMU,2020,7.8763576
Bhutan,BTN,2020,5694.4727
Bolivia,BOL,2020,79523.164
Bonaire Sint Eustatius and Saba,BES,2020,23.296963
Bosnia and Herzegovina,BIH,2020,33422.5
Botswana,BWA,2020,32271.828
Brazil,BRA,2020,1444823.6
British Virgin Islands,VGB,2020,23.77758
Brunei,BRN,2020,77.26247
Bulgaria,BGR,2020,50611.79
Burkina Faso,BFA,2020,185330.66
Burundi,BDI,2020,145231.42
Cambodia,KHM,2020,413564
Cameroon,CMR,2020,432957.44
Canada,CAN,2020,3023.6907
Cape Verde,CPV,2020,5693.1367
Cayman Islands,CYM,2020,31.641447
Central African Republic,CAF,2020,50706.145
Chad,TCD,2020,211832.52
Chile,CHL,2020,11282.833
China,CHN,2020,2808179
Christmas Island,CXR,2020,48.290787
Cocos Islands,CCK,2020,7.296715
Colombia,COL,2020,153451.33
Comoros,COM,2020,11305.985
Congo,COG,2020,79951.086
Cook Islands,COK,2020,5.4943285
Costa Rica,CRI,2020,24189.676
Cote d'Ivoire,CIV,2020,394833.56
Croatia,HRV,2020,900.71735
Cuba,CUB,2020,48447.395
Curacao,CUW,2020,111.933136
Cyprus,CYP,2020,105.839035
Czechia,CZE,2020,1549.3123
Democratic Republic of Congo,COD,2020,963327.8
Denmark,DNK,2020,606.37756
Djibouti,DJI,2020,19977.977
Dominica,DMA,2020,797.65686
Dominican Republic,DOM,2020,79382.41
East Timor,TLS,2020,18139.385
Ecuador,ECU,2020,88459.695
Egypt,EGY,2020,807596.25
El Salvador,SLV,2020,89809.4
Equatorial Guinea,GNQ,2020,33100.668
Eritrea,ERI,2020,43718.727
Estonia,EST,2020,223.69931
Eswatini,SWZ,2020,20084.062
Ethiopia,ETH,2020,651876.5
Europe (UN M49),,2020,2652463.8
Falkland Islands,FLK,2020,2.5423121
Faroe Islands,FRO,2020,14.036695
Fiji,FJI,2020,6181.556
Finland,FIN,2020,663.258
France,FRA,2020,8831.901
French Guiana,GUF,2020,916.2683
French Polynesia,PYF,2020,55.4852
Gabon,GAB,2020,7838.031
Gambia,GMB,2020,29142.145
Georgia,GEO,2020,27949.57
Germany,DEU,2020,7725.0713
Ghana,GHA,2020,385727.34
Gibraltar,GIB,2020,0.90770936
Greece,GRC,2020,1908.8007
Greenland,GRL,2020,141.83893
Grenada,GRD,2020,694.0487
Guadeloupe,GLP,2020,236.45692
Guam,GUM,2020,41.050705
Guatemala,GTM,2020,263614.2
Guernsey,GGY,2020,7.5582514
Guinea,GIN,2020,85917.85
Guinea-Bissau,GNB,2020,22175.262
Guyana,GUY,2020,6907.32
Haiti,HTI,2020,229492.72
High-income countries,OWID_HIC,2020,162636.08
Honduras,HND,2020,126403.18
Hong Kong,HKG,2020,340.64108
Hungary,HUN,2020,2706.6091
Iceland,ISL,2020,30.951498
India,IND,2020,9275777
Indonesia,IDN,2020,3352228.8
Iran,IRN,2020,560725.4
Iraq,IRQ,2020,799891.1
Ireland,IRL,2020,658.7798
Isle of Man,IMN,2020,8.695926
Israel,ISR,2020,604.8764
Italy,ITA,2020,7684.2534
Jamaica,JAM,2020,23652.629
Japan,JPN,2020,6185.026
Jersey,JEY,2020,10.062596
Jordan,JOR,2020,124390.95
Kazakhstan,KAZ,2020,238988.34
Kenya,KEN,2020,602474.5
Kiribati,KIR,2020,1354.241
Kosovo,OWID_KOS,2020,20973.947
Kuwait,KWT,2020,273.02838
Kyrgyzstan,KGZ,2020,118569.97
Laos,LAO,2020,127090.16
Latvia,LVA,2020,956.4887
Lebanon,LBN,2020,43520.19
Lesotho,LSO,2020,44823.047
Liberia,LBR,2020,60755.016
Libya,LBY,2020,40313.05
Liechtenstein,LIE,2020,4.741585
Lithuania,LTU,2020,1392.8905
Low-income countries,OWID_LIC,2020,7488700.5
Lower-middle-income countries,OWID_LMC,2020,30408730
Luxembourg,LUX,2020,69.083244
Macao,MAC,2020,25.21084
Madagascar,MDG,2020,190784.23
Malawi,MWI,2020,171474.25
Malaysia,MYS,2020,197552.44
Maldives,MDV,2020,7014.6514
Mali,MLI,2020,205639.2
Malta,MLT,2020,33.700283
Marshall Islands,MHL,2020,465.46875
Martinique,MTQ,2020,196.51158
Mauritania,MRT,2020,83748.62
Mauritius,MUS,2020,2543.6477
Mayotte,MYT,2020,3078.955
Mexico,MEX,2020,767446.5
Micronesia (country),FSM,2020,1360.8457
Moldova,MDA,2020,17711.766
Monaco,MCO,2020,1.5277716
Mongolia,MNG,2020,32468.768
Montenegro,MNE,2020,5762.2896
Montserrat,MSR,2020,19.64639
Morocco,MAR,2020,385557.9
Mozambique,MOZ,2020,323380.03
Myanmar,MMR,2020,725433.2
Namibia,NAM,2020,36895.777
Nauru,NRU,2020,5.7808337
Nepal,NPL,2020,238988.62
Netherlands,NLD,2020,1155.9718
New Caledonia,NCL,2020,99.49778
New Zealand,NZL,2020,518.06976
Nicaragua,NIC,2020,99107.87
Niger,NER,2020,122201.414
Nigeria,NGA,2020,3532479.2
Niue,NIU,2020,29.799425
Norfolk Island,NFK,2020,0.58232456
North Korea,PRK,2020,344632.72
North Macedonia,MKD,2020,16312.3125
Northern Cyprus,OWID_CYN,2020,89.16167
Northern Mariana Islands,MNP,2020,27.17673
Norway,NOR,2020,526.5986
Oceania (UN M49),,2020,161664.56
Oman,OMN,2020,3019.2683
Pakistan,PAK,2020,2567460.5
Palau,PLW,2020,194.92583
Palestine,PSE,2020,28427.477
Panama,PAN,2020,41212.562
Papua New Guinea,PNG,2020,129684.164
Paracel Islands,,2020,7.220044
Paraguay,PRY,2020,154546.8
Peru,PER,2020,270768.7
Philippines,PHL,2020,819842.6
Pitcairn Islands,,2020,0.8136741
Poland,POL,2020,7078.5864
Portugal,PRT,2020,1180.948
Puerto Rico,PRI,2020,1908.7838
Qatar,QAT,2020,170.95506
Reunion,REU,2020,391.6089
Romania,ROU,2020,141943.78
Russia,RUS,2020,1702453.5
Rwanda,RWA,2020,201068.48
Saint Barthelemy,BLM,2020,4.8199177
Saint Helena,SHN,2020,89.25071
Saint Kitts and Nevis,KNA,2020,43.03766
Saint Lucia,LCA,2020,1185.4702
Saint Martin (French part),MAF,2020,62.778923
Saint Pierre and Miquelon,SPM,2020,1.3890839
Saint Vincent and the Grenadines,VCT,2020,606.5665
Samoa,WSM,2020,2613.1377
San Marino,SMR,2020,4.6660194
Sao Tome and Principe,STP,2020,3680.9058
Saudi Arabia,SAU,2020,3443.9873
Senegal,SEN,2020,214610
Serbia,SRB,2020,126142.72
Seychelles,SYC,2020,121.333855
Sierra Leone,SLE,2020,59935.88
Singapore,SGP,2020,175.08664
Sint Maarten (Dutch part),SXM,2020,21.249859
Slovakia,SVK,2020,1086.7499
Slovenia,SVN,2020,524.88104
Solomon Islands,SLB,2020,8955.772
Somalia,SOM,2020,225304.84
South Africa,ZAF,2020,609756.6
South Korea,KOR,2020,2856.736
South Sudan,SSD,2020,215243.02
Spain,ESP,2020,6241.3403
Sri Lanka,LKA,2020,273779
Sudan,SDN,2020,529960.75
Suriname,SUR,2020,4199.2705
Svalbard and Jan Mayen,SJM,2020,0.7851937
Sweden,SWE,2020,918.42065
Switzerland,CHE,2020,730.79846
Syria,SYR,2020,328329.22
Taiwan,TWN,2020,1398.4253
Tajikistan,TJK,2020,156027.64
Tanzania,TZA,2020,778932.5
Thailand,THA,2020,995718.5
Togo,TGO,2020,99107.91
Tokelau,TKL,2020,15.991722
Tonga,TON,2020,1122.9636
Trinidad and Tobago,TTO,2020,6962.3477
Tunisia,TUN,2020,129722.945
Turkey,TUR,2020,486397.78
Turkmenistan,TKM,2020,70966.32
Turks and Caicos Islands,TCA,2020,23.769457
Tuvalu,TUV,2020,111.53728
Uganda,UGA,2020,617565.2
Ukraine,UKR,2020,417655.44
United Arab Emirates,ARE,2020,918.2473
United Kingdom,GBR,2020,4622.3643
United States,USA,2020,47648.973
United States Virgin Islands,VIR,2020,77.714134
Upper-middle-income countries,OWID_UMC,2020,14046225
Uruguay,URY,2020,960.5147
Uzbekistan,UZB,2020,395210.8
Vanuatu,VUT,2020,6209.453
Vatican,VAT,2020,0.026713695
Venezuela,VEN,2020,249863.66
Vietnam,VNM,2020,754958.9
Wallis and Futuna,WLF,2020,118.87374
Western Sahara,ESH,2020,4736.032
World,OWID_WRL,2020,52106292
Yemen,YEM,2020,327238.62
Zambia,ZMB,2020,215138.75
Zimbabwe,ZWE,2020,162871.44